<?xml version='1.0' encoding='UTF-8'?>

<server xmlns="urn:jboss:domain:11.0">
    <extensions>
        <extension module="org.infinispan.extension"/>
        <extension module="org.infinispan.server.endpoint"/>
        <extension module="org.jboss.as.connector"/>
        <extension module="org.jboss.as.deployment-scanner"/>
        <extension module="org.jboss.as.jdr"/>
        <extension module="org.jboss.as.jmx"/>
        <extension module="org.jboss.as.logging"/>
        <extension module="org.jboss.as.naming"/>
        <extension module="org.jboss.as.remoting"/>
        <extension module="org.jboss.as.security"/>
        <extension module="org.jboss.as.transactions"/>
        <extension module="org.jgroups.extension"/>
        <extension module="org.wildfly.extension.elytron"/>
        <extension module="org.wildfly.extension.io"/>
    </extensions>
    <management>
        <security-realms>
            <security-realm name="ManagementRealm">
                <authentication>
                    <local default-user="$local"/>
                    <properties path="mgmt-users.properties" relative-to="jboss.server.config.dir"/>
                </authentication>
                <authorization map-groups-to-roles="false">
                    <properties path="mgmt-groups.properties" relative-to="jboss.server.config.dir"/>
                </authorization>
            </security-realm>
            <security-realm name="ApplicationRealm">
                <authentication>
                    <local default-user="$local" allowed-users="*"/>
                    <properties path="application-users.properties" relative-to="jboss.server.config.dir"/>
                </authentication>
                <authorization>
                    <properties path="application-roles.properties" relative-to="jboss.server.config.dir"/>
                </authorization>
                        <server-identities>
                           <ssl>
                             <keystore path="/var/run/secrets/java.io/keystores/datagrid-service-xsite-hello-world.p12" keystore-password="datagrid-service-xsite-hello-world"/>
                          </ssl>
                       </server-identities>
            </security-realm>
            <security-realm name="jdg-openshift"><authentication><jaas name="jdg-openshift"/></authentication> </security-realm>
        </security-realms>
        <audit-log>
            <formatters>
                <json-formatter name="json-formatter"/>
            </formatters>
            <handlers>
                <file-handler name="file" formatter="json-formatter" relative-to="jboss.server.data.dir" path="audit-log.log"/>
            </handlers>
            <logger log-boot="true" log-read-only="false" enabled="false">
                <handlers>
                    <handler name="file"/>
                </handlers>
            </logger>
        </audit-log>
        <management-interfaces>
            <http-interface console-enabled="false"><!-- ##MGMT_IFACE_REALM## -->
                <http-upgrade enabled="true"/>
                <socket-binding http="management-http"/>
            </http-interface>
        </management-interfaces>
        <access-control provider="simple">
            <role-mapping>
                <role name="SuperUser">
                    <include>
                        <user name="$local"/>
                    </include>
                </role>
            </role-mapping>
        </access-control>
    </management>
    <profile>
        <subsystem xmlns="urn:jboss:domain:logging:8.0">
            <console-handler name="CONSOLE">
                <formatter>
                    <named-formatter name="COLOR-PATTERN"/>
                </formatter>
            </console-handler>
            <periodic-rotating-file-handler name="FILE" autoflush="true">
                <formatter>
                    <named-formatter name="COLOR-PATTERN"/>
                </formatter>
                <file relative-to="jboss.server.log.dir" path="server.log"/>
                <suffix value=".yyyy-MM-dd"/>
                <append value="true"/>
            </periodic-rotating-file-handler>
            <size-rotating-file-handler name="HR-ACCESS-FILE" autoflush="true">
                <formatter>
                    <named-formatter name="ACCESS-LOG"/>
                </formatter>
                <file relative-to="jboss.server.log.dir" path="hotrod-access.log"/>
                <append value="true"/>
                <rotate-size value="10M"/>
                <max-backup-index value="10"/>
            </size-rotating-file-handler>
            <size-rotating-file-handler name="REST-ACCESS-FILE" autoflush="true">
                <formatter>
                    <named-formatter name="ACCESS-LOG"/>
                </formatter>
                <file relative-to="jboss.server.log.dir" path="rest-access.log"/>
                <append value="true"/>
                <rotate-size value="10M"/>
                <max-backup-index value="10"/>
            </size-rotating-file-handler>
            <logger category="org.infinispan.HOTROD_ACCESS_LOG" use-parent-handlers="false">
                <!-- Set to TRACE to enable access logging for hot rod or use DMR -->
                <level name="INFO"/>
                <handlers>
                    <handler name="HR-ACCESS-FILE"/>
                </handlers>
            </logger>
            
	    <logger category="com.arjuna">
		    <level name="WARN"/>
	    </logger>
	    <logger category="sun.rmi">
		    <level name="WARN"/>
	    </logger>
	    <logger category="org.jboss.as.config">
		    <level name="DEBUG"/>
	    </logger>
<!--
	    <logger category="org.jgroups">
                    <level name="DEBUG"/>
	    </logger>
	    <logger category="org.infinispan">
                    <level name="DEBUG"/>
            </logger>
-->
            <!-- ##ACCESS_LOG_HANDLER## -->
            <root-logger>
                <level name="INFO"/>
                <handlers>
                    <handler name="CONSOLE"/>
                    <handler name="FILE"/>
                </handlers>
            </root-logger>
            <formatter name="OPENSHIFT">
                <json-formatter>
                    <exception-output-type value="formatted"/>
                    <key-overrides timestamp="@timestamp"/>
                    <meta-data>
                        <property name="@version" value="1"/>
                    </meta-data>
                </json-formatter>
            </formatter>
            <formatter name="COLOR-PATTERN">
                <pattern-formatter pattern="%K{level}%d{HH:mm:ss,SSS} %-5p [%c] (%t) %s%E%n"/>
            </formatter>
            <formatter name="ACCESS-LOG">
                <pattern-formatter pattern="%X{address} %X{user} [%d{dd/MMM/yyyy:HH:mm:ss z}] &quot;%X{method} %m %X{protocol}&quot; %X{status} %X{requestSize} %X{responseSize} %X{duration}%n"/>
            </formatter>
        </subsystem>
        <subsystem xmlns="urn:jboss:domain:deployment-scanner:2.0">
            <deployment-scanner path="deployments" relative-to="jboss.server.base.dir" scan-interval="5000" runtime-failure-causes-rollback="${jboss.deployment.scanner.rollback.on.failure:false}"/>
        </subsystem>
        <subsystem xmlns="urn:jboss:domain:datasources:5.0">
            <datasources>
                <datasource jta="true" jndi-name="java:jboss/datasources/ExampleDS" pool-name="ExampleDS" enabled="true" use-java-context="true"> 
                    <connection-url>jdbc:h2:mem:test;DB_CLOSE_DELAY=-1;DB_CLOSE_ON_EXIT=FALSE</connection-url> 
                      <driver>h2</driver> 
                        <security> 
			   <user-name>sa</user-name>
                           <password>sa</password> 
                       </security> 
                </datasource>
                <drivers>
                    <driver name="h2" module="com.h2database.h2">
                        <xa-datasource-class>org.h2.jdbcx.JdbcDataSource</xa-datasource-class>
                    </driver>
                    <driver name="mysql" module="com.mysql">
                        <xa-datasource-class>com.mysql.jdbc.jdbc2.optional.MysqlXADataSource</xa-datasource-class>
                    </driver>
                    <driver name="postgresql" module="org.postgresql">
                        <xa-datasource-class>org.postgresql.xa.PGXADataSource</xa-datasource-class>
                    </driver>
                </drivers>
            </datasources>
        </subsystem>
        <subsystem xmlns="urn:wildfly:elytron:8.0" final-providers="combined-providers" disallowed-providers="OracleUcrypto">
            <providers>
                <aggregate-providers name="combined-providers">
                    <providers name="elytron"/>
                    <providers name="openssl"/>
                </aggregate-providers>
                <provider-loader name="elytron" module="org.wildfly.security.elytron"/>
                <provider-loader name="openssl" module="org.wildfly.openssl"/>
            </providers>
            <audit-logging>
                <file-audit-log name="local-audit" path="audit.log" relative-to="jboss.server.log.dir" format="JSON"/>
            </audit-logging>
            <security-domains>
                <security-domain name="ApplicationDomain" default-realm="ApplicationRealm" permission-mapper="default-permission-mapper">
                    <realm name="ApplicationRealm" role-decoder="groups-to-roles"/>
                    <realm name="local"/>
                </security-domain>
                <security-domain name="ManagementDomain" default-realm="ManagementRealm" permission-mapper="default-permission-mapper">
                    <realm name="ManagementRealm" role-decoder="groups-to-roles"/>
                    <realm name="local" role-mapper="super-user-mapper"/>
                </security-domain>
            </security-domains>
            <security-realms>
                <identity-realm name="local" identity="$local"/>
                <properties-realm name="ApplicationRealm">
                    <users-properties path="application-users.properties" relative-to="jboss.server.config.dir" digest-realm-name="ApplicationRealm"/>
                    <groups-properties path="application-roles.properties" relative-to="jboss.server.config.dir"/>
                </properties-realm>
                <properties-realm name="ManagementRealm">
                    <users-properties path="mgmt-users.properties" relative-to="jboss.server.config.dir" digest-realm-name="ManagementRealm"/>
                    <groups-properties path="mgmt-groups.properties" relative-to="jboss.server.config.dir"/>
                </properties-realm>
            </security-realms>
            <mappers>
                <simple-permission-mapper name="default-permission-mapper" mapping-mode="first">
                    <permission-mapping>
                        <principal name="anonymous"/>
                        <permission-set name="default-permissions"/>
                    </permission-mapping>
                    <permission-mapping match-all="true">
                        <permission-set name="login-permission"/>
                        <permission-set name="default-permissions"/>
                    </permission-mapping>
                </simple-permission-mapper>
                <constant-realm-mapper name="local" realm-name="local"/>
                <simple-role-decoder name="groups-to-roles" attribute="groups"/>
                <constant-role-mapper name="super-user-mapper">
                    <role name="SuperUser"/>
                </constant-role-mapper>
            </mappers>
            <permission-sets>
                <permission-set name="login-permission">
                    <permission class-name="org.wildfly.security.auth.permission.LoginPermission"/>
                </permission-set>
                <permission-set name="default-permissions"/>
            </permission-sets>
            <http>
                <http-authentication-factory name="management-http-authentication" security-domain="ManagementDomain" http-server-mechanism-factory="global">
                    <mechanism-configuration>
                        <mechanism mechanism-name="DIGEST">
                            <mechanism-realm realm-name="ManagementRealm"/>
                        </mechanism>
                    </mechanism-configuration>
                </http-authentication-factory>
                <provider-http-server-mechanism-factory name="global"/>
            </http>
            <sasl>
                <sasl-authentication-factory name="application-sasl-authentication" sasl-server-factory="configured" security-domain="ApplicationDomain">
                    <mechanism-configuration>
                        <mechanism mechanism-name="JBOSS-LOCAL-USER" realm-mapper="local"/>
                        <mechanism mechanism-name="DIGEST-MD5">
                            <mechanism-realm realm-name="ApplicationRealm"/>
                        </mechanism>
                    </mechanism-configuration>
                </sasl-authentication-factory>
                <sasl-authentication-factory name="management-sasl-authentication" sasl-server-factory="configured" security-domain="ManagementDomain">
                    <mechanism-configuration>
                        <mechanism mechanism-name="JBOSS-LOCAL-USER" realm-mapper="local"/>
                        <mechanism mechanism-name="DIGEST-MD5">
                            <mechanism-realm realm-name="ManagementRealm"/>
                        </mechanism>
                    </mechanism-configuration>
                </sasl-authentication-factory>
                <configurable-sasl-server-factory name="configured" sasl-server-factory="elytron">
                    <properties>
                        <property name="wildfly.sasl.local-user.default-user" value="$local"/>
                    </properties>
                </configurable-sasl-server-factory>
                <mechanism-provider-filtering-sasl-server-factory name="elytron" sasl-server-factory="global">
                    <filters>
                        <filter provider-name="WildFlyElytron"/>
                    </filters>
                </mechanism-provider-filtering-sasl-server-factory>
                <provider-sasl-server-factory name="global"/>
            </sasl>
        </subsystem>
        <subsystem xmlns="urn:infinispan:server:endpoint:9.4">
            <hotrod-connector cache-container="clustered" socket-binding="hotrod-internal" name="hotrod-internal">
              <authentication security-realm="ApplicationRealm">
                  <sasl server-name="datagrid-service-xsite-hello-world" mechanisms="DIGEST-MD5" qop="auth">
                      <policy>
                          <no-anonymous value="true"/>
                      </policy> 
                     <property name="com.sun.security.sasl.digest.utf8">true</property>
                  </sasl>
              </authentication>
               <encryption security-realm="ApplicationRealm"/>
            </hotrod-connector>
                  <rest-connector name="rest-ssl" socket-binding="rest-ssl" cache-container="clustered">
                    <authentication security-realm="ApplicationRealm" auth-method="BASIC"/>
                    <encryption security-realm="ApplicationRealm"/>
                 </rest-connector>
             <rest-connector name="rest" socket-binding="rest" cache-container="clustered">
                <authentication security-realm="ApplicationRealm" auth-method="BASIC"/>
             </rest-connector>
        </subsystem>
        <subsystem xmlns="urn:infinispan:server:core:9.4" default-cache-container="clustered">
        <cache-container name="clustered" default-cache="default">

                <transport channel="cluster"/>

                <global-state>

                    <overlay-configuration-storage/>

                </global-state>

                <replicated-cache-configuration name="sessions-cfg-rep" mode="SYNC" start="EAGER" batching="false">

                    <backups>

                        <backup site="SiteB" strategy="ASYNC" timeout="240000"/>

                    </backups>

                    <locking acquire-timeout="0"/>

                    <transaction mode="NON_DURABLE_XA" locking="PESSIMISTIC"/>

                </replicated-cache-configuration>

                <replicated-cache name="work" configuration="sessions-cfg-rep"/>

                <distributed-cache name="default" owners="2" mode="SYNC">

                    <memory>

                        <off-heap/>

                    </memory>

                    <partition-handling when-split="DENY_READ_WRITES" merge-policy="REMOVE_ALL"/>

                </distributed-cache>

                <distributed-cache name="memcached" mode="SYNC">

                    <memory>

                        <object/>

                    </memory>

                </distributed-cache>

                <distributed-cache-configuration name="sessions-cfg-dist" owners="2" mode="SYNC" start="EAGER" batching="false">

                    <backups>

                        <backup site="SiteB" strategy="ASYNC" timeout="240000"/>

                    </backups>

                    <locking acquire-timeout="0"/>

                    <transaction mode="NON_DURABLE_XA" locking="PESSIMISTIC"/>

                </distributed-cache-configuration>

                <distributed-cache name="sessions" configuration="sessions-cfg-dist"/>

                <distributed-cache name="clientSessions" configuration="sessions-cfg-dist"/>

                <distributed-cache name="offlineSessions" configuration="sessions-cfg-dist"/>

                <distributed-cache name="offlineClientSessions" configuration="sessions-cfg-dist"/>

                <distributed-cache name="actionTokens" configuration="sessions-cfg-dist"/>

                <distributed-cache name="loginFailures" configuration="sessions-cfg-dist"/>
                <distributed-cache name="redhat2" configuration="sessions-cfg-dist"/>

            </cache-container>




	</subsystem>
        <subsystem xmlns="urn:infinispan:server:jgroups:9.4">
            <channels default="cluster">
                <channel name="cluster" stack="tcp"/>
                <!-- xsite mod:start -->
                <channel name="global" stack="relay-global"/>
                <!-- xsite mod:end -->
            </channels>
            <stacks>
                <stack name="udp">
                    <transport type="UDP" socket-binding="jgroups-udp"/>
                    <protocol type="openshift.DNS_PING" socket-binding="jgroups-mping"/>
                    <protocol type="MERGE3"/>
                    <protocol type="FD_SOCK" socket-binding="jgroups-udp-fd"/>
                    <protocol type="FD_ALL"/>
                    <protocol type="VERIFY_SUSPECT"/>
                    
                    <protocol type="pbcast.NAKACK2"/>
                    <protocol type="UNICAST3"/>
                    <protocol type="pbcast.STABLE"/>
                    
                    <protocol type="pbcast.GMS"/>
                    <protocol type="UFC_NB" />
                    <protocol type="MFC_NB" />
                    <protocol type="FRAG3"/>
                </stack>
                <stack name="tcp">
                    <transport type="TCP" socket-binding="jgroups-tcp"/>
                    <protocol type="openshift.DNS_PING" socket-binding="jgroups-mping"/>
                    <protocol type="MERGE3"/>
                    <protocol type="FD_SOCK" socket-binding="jgroups-tcp-fd"/>
                    <protocol type="FD_ALL"/>
                    <protocol type="VERIFY_SUSPECT"/>
                    
                    <protocol type="pbcast.NAKACK2">
                        <property name="use_mcast_xmit">false</property>
                    </protocol>
                    <protocol type="UNICAST3"/>
                    <protocol type="pbcast.STABLE"/>
                    
                    <protocol type="pbcast.GMS"/>
                    <protocol type="MFC_NB" />
                    <protocol type="FRAG3"/>
                    <!-- xsite mod:start -->
                    <relay site="${jboss.relay.site:stage}">
                        <remote-site name="SiteA" stack="relay-global" cluster="global"/>
                        <remote-site name="SiteB" stack="relay-global" cluster="global"/>
                        <property name="relay_multicasts">false</property>
                        <property name="max_site_masters">1</property>
                    </relay>
                    <!-- xsite mod:end -->
                </stack>
                <!-- xsite mod:start -->
                <stack name="relay-global">
                    <transport type="TCP" socket-binding="jgroups-tcp-relay">
                        <property name="external_addr">${jboss.bind.ext_address:127.0.0.1}</property>
                        <property name="external_port">${jboss.bind.ext_port:8660}</property>
                    </transport>
                    <protocol type="TCPPING">
                        <property name="initial_hosts">${jboss.relay.global_cluster:127.0.0.1[8660]}</property>
                    </protocol>
                    <protocol type="MERGE3"/>
                    <protocol type="FD_SOCK" socket-binding="jgroups-tcp-fd">
                        <property name="external_addr">${jboss.bind.ext_address:127.0.0.1}</property>
                    </protocol>
                    <protocol type="FD_ALL">
                        <!-- The timeout after which we suspect P -->
                        <!-- Let use 3 mins = 180 s -->
                        <property name="timeout">180000</property>
                    </protocol>
                    <protocol type="VERIFY_SUSPECT"/>
                    <protocol type="pbcast.NAKACK2">
                        <property name="use_mcast_xmit">false</property>
                    </protocol>
                    <protocol type="UNICAST3"/>
                    <protocol type="pbcast.STABLE"/>
                    <protocol type="pbcast.GMS"/>
                    <protocol type="MFC"/>
                </stack>
                <!-- xsite mod:end -->
            </stacks>
        </subsystem>
        <subsystem xmlns="urn:jboss:domain:io:3.0">
            <worker name="default" io-threads="2" task-max-threads="2"/>
            <buffer-pool name="default"/>
        </subsystem>
        <subsystem xmlns="urn:jboss:domain:jca:5.0">
            <archive-validation enabled="true" fail-on-error="true" fail-on-warn="false"/>
            <bean-validation enabled="true"/>
            <default-workmanager>
                <short-running-threads>
                    <core-threads count="50"/>
                    <queue-length count="50"/>
                    <max-threads count="50"/>
                    <keepalive-time time="10" unit="seconds"/>
                </short-running-threads>
                <long-running-threads>
                    <core-threads count="50"/>
                    <queue-length count="50"/>
                    <max-threads count="50"/>
                    <keepalive-time time="10" unit="seconds"/>
                </long-running-threads>
            </default-workmanager>
            <cached-connection-manager/>
        </subsystem>
        <subsystem xmlns="urn:jboss:domain:jdr:1.0"/>
        <subsystem xmlns="urn:jboss:domain:jmx:1.3">
            <expose-resolved-model/>
            <expose-expression-model/>
            <remoting-connector/>
        </subsystem>
        <subsystem xmlns="urn:jboss:domain:naming:2.0"/>
        <subsystem xmlns="urn:jboss:domain:remoting:4.0"/>
        <subsystem xmlns="urn:jboss:domain:security:2.0">
            <security-domains>
                <security-domain name="other" cache-type="default">
                    <authentication>
                        <login-module code="Remoting" flag="optional">
                            <module-option name="password-stacking" value="useFirstPass"/>
                        </login-module>
                        <login-module code="RealmDirect" flag="required">
                            <module-option name="password-stacking" value="useFirstPass"/>
                        </login-module>
                    </authentication>
                </security-domain>
                <security-domain name="jboss-web-policy" cache-type="default">
                    <authorization>
                        <policy-module code="Delegating" flag="required"/>
                    </authorization>
                </security-domain>
                <security-domain name="jaspitest" cache-type="default">
                    <authentication-jaspi>
                        <login-module-stack name="dummy">
                            <login-module code="Dummy" flag="optional"/>
                        </login-module-stack>
                        <auth-module code="Dummy"/>
                    </authentication-jaspi>
                </security-domain>
            </security-domains>
        </subsystem>
        <subsystem xmlns="urn:jboss:domain:transactions:5.0">
            <core-environment node-identifier="${jboss.node.name}">
                <process-id>
                    <uuid/>
                </process-id>
            </core-environment>
            <recovery-environment socket-binding="txn-recovery-environment" status-socket-binding="txn-status-manager" recovery-listener="true"/>
            <coordinator-environment default-timeout="300"/>
            <!-- ##JDBC_STORE## -->
        </subsystem>
    </profile>
    <interfaces>
        <interface name="management">
            <inet-address value="${jboss.bind.address.management:127.0.0.1}"/>
        </interface>
        <interface name="public">
            <inet-address value="${jboss.bind.address:127.0.0.1}"/>
        </interface>
    </interfaces>
    <socket-binding-group name="standard-sockets" default-interface="public" port-offset="${jboss.socket.binding.port-offset:0}">
        <socket-binding name="management-http" interface="management" port="${jboss.management.http.port:9990}"/>
        <socket-binding name="management-https" interface="management" port="${jboss.management.https.port:9993}"/>
        <socket-binding name="hotrod-internal" port="11222"/>
        <socket-binding name="hotrod-external" port="11333"/>
        <socket-binding name="jgroups-mping" port="0" multicast-address="${jboss.default.multicast.address:234.99.54.14}" multicast-port="45700"/>
        <socket-binding name="jgroups-tcp" port="7600"/>
        <socket-binding name="jgroups-tcp-fd" port="57600"/>
        <!-- xsite mod:start -->
        <socket-binding name="jgroups-tcp-relay" port="8660" />
        <!-- xsite mod:end -->
        <socket-binding name="jgroups-udp" port="55200" multicast-address="${jboss.default.multicast.address:234.99.54.14}" multicast-port="45688"/>
        <socket-binding name="jgroups-udp-fd" port="54200"/>
        <socket-binding name="memcached" port="11211"/>
        <socket-binding name="rest" port="8080"/>
        <socket-binding name="rest-multi-tenancy" port="8081"/>
        <socket-binding name="rest-ssl" port="8443"/>
        <socket-binding name="txn-recovery-environment" port="4712"/>
        <socket-binding name="txn-status-manager" port="4713"/>
        <outbound-socket-binding name="remote-store-hotrod-server">
            <remote-destination host="remote-host" port="11333"/>
        </outbound-socket-binding>
        <outbound-socket-binding name="remote-store-rest-server">
            <remote-destination host="remote-host" port="8080"/>
        </outbound-socket-binding>
    </socket-binding-group>
</server>
